[
    {
        "sourceBaseURL":"https://raw.githubusercontent.com",
        "sourceRelativeURL":"cloudboxacademy/covid19/main/ecdc_data/cases_deaths.csv",
        "sinkFileName":"cases_deaths.csv"
    },
    {
        "sourceBaseURL":"https://github.com",
        "sourceRelativeURL":"cloudboxacademy/covid19/main/ecdc_data/hospital_admissions.csv",
        "sinkFileName":"hospital_admissions.csv"
    },
    {
        "sourceBaseURL":"https://github.com",
        "sourceRelativeURL":"cloudboxacademy/covid19/main/ecdc_data/testing.csv",
        "sinkFileName":"testing.csv"
    },
    {
        "sourceBaseURL":"https://github.com",
        "sourceRelativeURL":"cloudboxacademy/covid19/main/ecdc_data/country_response.csv",
        "sinkFileName":"country_response.csv"
    }
]
